Id,Name,Address,Contactnumber,Cityname,Pincode,Email
1,NATHANIEL FORD,16629 Pace Camp Apt. 448,9235177130,Alexisborough,77130,ford@gmail.com
2,GARY JIMENEZ,9374 Jasmine Spurs Suite 508,9955684355,South John,84355,gary@gmail.com
3,ALBERT PARDINI,Unit 0065 Box 5052,9635427450,DPO,27450,albert@yahoo.in
4,CHRISTOPHER CHONG,7780 Julia Fords,8963245798,New Stacy,45798,chong@rediffmail.com
5,PATRICK GARDNER,23012 Munoz Drive Suite 337,8856357826,New Cynthia,57826,gardner@yahoo.in
6,DAVID SULLIVAN,7502 Powell Mission Apt. 768,6254830493,Travisland,30493,david@gmail.com
7,ALSON LEE,93971 Conway Causeway,8832175107,Andersonburgh,75107,lee@rediffmail.com
8,DAVID KUSHNER,260 Rachel Plains Suite 366,7865324804,Castroberg,24804,kushner@gmail.com
9,MICHAEL MORRIS,2129 Dylan Burg,9999928650,New Michelle,28650,michael@gmail.com
10,JOANNE HAYES-WHITE,3795 Dawson Extensions,7841188739,Lake Tinafort,88739,joa@gmail.com
